claps,link,post_id,post_time,response,title
1.2K,https://medium.com/@shivon/the-current-state-of-machine-intelligence-f76c20db2fe1?source=tag_archive---------0----------------,f76c20db2fe1,2014-12-10T18:19:52.786Z,25,The Current State of Machine Intelligence(The 2016 Machine Intelligence landscape and post can be found here)
1.2K,https://medium.com/@shivon/the-current-state-of-machine-intelligence-f76c20db2fe1?source=tag_archive---------0----------------,f76c20db2fe1,2014-12-10T18:19:52.786Z,25,The Current State of Machine Intelligence(The 2016 Machine Intelligence landscape and post can be found here)
1.2K,https://medium.com/@shivon/the-current-state-of-machine-intelligence-f76c20db2fe1?source=tag_archive---------0----------------,f76c20db2fe1,2014-12-10T18:19:52.786Z,25,The Current State of Machine Intelligence(The 2016 Machine Intelligence landscape and post can be found here)
1.2K,https://medium.com/@shivon/the-current-state-of-machine-intelligence-f76c20db2fe1?source=tag_archive---------0----------------,f76c20db2fe1,2014-12-10T18:19:52.786Z,25,The Current State of Machine Intelligence(The 2016 Machine Intelligence landscape and post can be found here)
1.2K,https://medium.com/@shivon/the-current-state-of-machine-intelligence-f76c20db2fe1?source=tag_archive---------0----------------,f76c20db2fe1,2014-12-10T18:19:52.786Z,25,The Current State of Machine Intelligence(The 2016 Machine Intelligence landscape and post can be found here)
1.2K,https://medium.com/@shivon/the-current-state-of-machine-intelligence-f76c20db2fe1?source=tag_archive---------0----------------,f76c20db2fe1,2014-12-10T18:19:52.786Z,25,The Current State of Machine Intelligence(The 2016 Machine Intelligence landscape and post can be found here)
1.2K,https://medium.com/@shivon/the-current-state-of-machine-intelligence-f76c20db2fe1?source=tag_archive---------0----------------,f76c20db2fe1,2014-12-10T18:19:52.786Z,25,The Current State of Machine Intelligence(The 2016 Machine Intelligence landscape and post can be found here)
1.2K,https://medium.com/@shivon/the-current-state-of-machine-intelligence-f76c20db2fe1?source=tag_archive---------0----------------,f76c20db2fe1,2014-12-10T18:19:52.786Z,25,The Current State of Machine Intelligence(The 2016 Machine Intelligence landscape and post can be found here)
1.2K,https://medium.com/@shivon/the-current-state-of-machine-intelligence-f76c20db2fe1?source=tag_archive---------0----------------,f76c20db2fe1,2014-12-10T18:19:52.786Z,25,The Current State of Machine Intelligence(The 2016 Machine Intelligence landscape and post can be found here)
1.2K,https://medium.com/@shivon/the-current-state-of-machine-intelligence-f76c20db2fe1?source=tag_archive---------0----------------,f76c20db2fe1,2014-12-10T18:19:52.786Z,25,The Current State of Machine Intelligence(The 2016 Machine Intelligence landscape and post can be found here)
1.2K,https://medium.com/@shivon/the-current-state-of-machine-intelligence-f76c20db2fe1?source=tag_archive---------0----------------,f76c20db2fe1,2014-12-10T18:19:52.786Z,25,The Current State of Machine Intelligence(The 2016 Machine Intelligence landscape and post can be found here)
1.2K,https://medium.com/@shivon/the-current-state-of-machine-intelligence-f76c20db2fe1?source=tag_archive---------0----------------,f76c20db2fe1,2014-12-10T18:19:52.786Z,25,The Current State of Machine Intelligence(The 2016 Machine Intelligence landscape and post can be found here)
1.2K,https://medium.com/@shivon/the-current-state-of-machine-intelligence-f76c20db2fe1?source=tag_archive---------0----------------,f76c20db2fe1,2014-12-10T18:19:52.786Z,25,The Current State of Machine Intelligence(The 2016 Machine Intelligence landscape and post can be found here)
1.2K,https://medium.com/@shivon/the-current-state-of-machine-intelligence-f76c20db2fe1?source=tag_archive---------0----------------,f76c20db2fe1,2014-12-10T18:19:52.786Z,25,The Current State of Machine Intelligence(The 2016 Machine Intelligence landscape and post can be found here)
1.2K,https://medium.com/@shivon/the-current-state-of-machine-intelligence-f76c20db2fe1?source=tag_archive---------0----------------,f76c20db2fe1,2014-12-10T18:19:52.786Z,25,The Current State of Machine Intelligence(The 2016 Machine Intelligence landscape and post can be found here)
1.2K,https://medium.com/@shivon/the-current-state-of-machine-intelligence-f76c20db2fe1?source=tag_archive---------0----------------,f76c20db2fe1,2014-12-10T18:19:52.786Z,25,The Current State of Machine Intelligence(The 2016 Machine Intelligence landscape and post can be found here)
1.2K,https://medium.com/@shivon/the-current-state-of-machine-intelligence-f76c20db2fe1?source=tag_archive---------0----------------,f76c20db2fe1,2014-12-10T18:19:52.786Z,25,The Current State of Machine Intelligence(The 2016 Machine Intelligence landscape and post can be found here)
1.2K,https://medium.com/@shivon/the-current-state-of-machine-intelligence-f76c20db2fe1?source=tag_archive---------0----------------,f76c20db2fe1,2014-12-10T18:19:52.786Z,25,The Current State of Machine Intelligence(The 2016 Machine Intelligence landscape and post can be found here)
1.2K,https://medium.com/@shivon/the-current-state-of-machine-intelligence-f76c20db2fe1?source=tag_archive---------0----------------,f76c20db2fe1,2014-12-10T18:19:52.786Z,25,The Current State of Machine Intelligence(The 2016 Machine Intelligence landscape and post can be found here)
1.2K,https://medium.com/@shivon/the-current-state-of-machine-intelligence-f76c20db2fe1?source=tag_archive---------0----------------,f76c20db2fe1,2014-12-10T18:19:52.786Z,25,The Current State of Machine Intelligence(The 2016 Machine Intelligence landscape and post can be found here)
1.2K,https://medium.com/@shivon/the-current-state-of-machine-intelligence-f76c20db2fe1?source=tag_archive---------0----------------,f76c20db2fe1,2014-12-10T18:19:52.786Z,25,The Current State of Machine Intelligence(The 2016 Machine Intelligence landscape and post can be found here)
1.2K,https://medium.com/@shivon/the-current-state-of-machine-intelligence-f76c20db2fe1?source=tag_archive---------0----------------,f76c20db2fe1,2014-12-10T18:19:52.786Z,25,The Current State of Machine Intelligence(The 2016 Machine Intelligence landscape and post can be found here)
1.2K,https://medium.com/@shivon/the-current-state-of-machine-intelligence-f76c20db2fe1?source=tag_archive---------0----------------,f76c20db2fe1,2014-12-10T18:19:52.786Z,25,The Current State of Machine Intelligence(The 2016 Machine Intelligence landscape and post can be found here)
1.2K,https://medium.com/@shivon/the-current-state-of-machine-intelligence-f76c20db2fe1?source=tag_archive---------0----------------,f76c20db2fe1,2014-12-10T18:19:52.786Z,25,The Current State of Machine Intelligence(The 2016 Machine Intelligence landscape and post can be found here)
1.2K,https://medium.com/@shivon/the-current-state-of-machine-intelligence-f76c20db2fe1?source=tag_archive---------0----------------,f76c20db2fe1,2014-12-10T18:19:52.786Z,25,The Current State of Machine Intelligence(The 2016 Machine Intelligence landscape and post can be found here)
1.2K,https://medium.com/@shivon/the-current-state-of-machine-intelligence-f76c20db2fe1?source=tag_archive---------0----------------,f76c20db2fe1,2014-12-10T18:19:52.786Z,25,The Current State of Machine Intelligence(The 2016 Machine Intelligence landscape and post can be found here)
1.2K,https://medium.com/@shivon/the-current-state-of-machine-intelligence-f76c20db2fe1?source=tag_archive---------0----------------,f76c20db2fe1,2014-12-10T18:19:52.786Z,25,The Current State of Machine Intelligence(The 2016 Machine Intelligence landscape and post can be found here)
1.2K,https://medium.com/@shivon/the-current-state-of-machine-intelligence-f76c20db2fe1?source=tag_archive---------0----------------,f76c20db2fe1,2014-12-10T18:19:52.786Z,25,The Current State of Machine Intelligence(The 2016 Machine Intelligence landscape and post can be found here)
1.2K,https://medium.com/@shivon/the-current-state-of-machine-intelligence-f76c20db2fe1?source=tag_archive---------0----------------,f76c20db2fe1,2014-12-10T18:19:52.786Z,25,The Current State of Machine Intelligence(The 2016 Machine Intelligence landscape and post can be found here)
1.2K,https://medium.com/@shivon/the-current-state-of-machine-intelligence-f76c20db2fe1?source=tag_archive---------0----------------,f76c20db2fe1,2014-12-10T18:19:52.786Z,25,The Current State of Machine Intelligence(The 2016 Machine Intelligence landscape and post can be found here)
1.2K,https://medium.com/@shivon/the-current-state-of-machine-intelligence-f76c20db2fe1?source=tag_archive---------0----------------,f76c20db2fe1,2014-12-10T18:19:52.786Z,25,The Current State of Machine Intelligence(The 2016 Machine Intelligence landscape and post can be found here)
1.2K,https://medium.com/@shivon/the-current-state-of-machine-intelligence-f76c20db2fe1?source=tag_archive---------0----------------,f76c20db2fe1,2014-12-10T18:19:52.786Z,25,The Current State of Machine Intelligence(The 2016 Machine Intelligence landscape and post can be found here)
1.2K,https://medium.com/@shivon/the-current-state-of-machine-intelligence-f76c20db2fe1?source=tag_archive---------0----------------,f76c20db2fe1,2014-12-10T18:19:52.786Z,25,The Current State of Machine Intelligence(The 2016 Machine Intelligence landscape and post can be found here)
1.2K,https://medium.com/@shivon/the-current-state-of-machine-intelligence-f76c20db2fe1?source=tag_archive---------0----------------,f76c20db2fe1,2014-12-10T18:19:52.786Z,25,The Current State of Machine Intelligence(The 2016 Machine Intelligence landscape and post can be found here)
1.2K,https://medium.com/@shivon/the-current-state-of-machine-intelligence-f76c20db2fe1?source=tag_archive---------0----------------,f76c20db2fe1,2014-12-10T18:19:52.786Z,25,The Current State of Machine Intelligence(The 2016 Machine Intelligence landscape and post can be found here)
1.2K,https://medium.com/@shivon/the-current-state-of-machine-intelligence-f76c20db2fe1?source=tag_archive---------0----------------,f76c20db2fe1,2014-12-10T18:19:52.786Z,25,The Current State of Machine Intelligence(The 2016 Machine Intelligence landscape and post can be found here)
1.2K,https://medium.com/@shivon/the-current-state-of-machine-intelligence-f76c20db2fe1?source=tag_archive---------0----------------,f76c20db2fe1,2014-12-10T18:19:52.786Z,25,The Current State of Machine Intelligence(The 2016 Machine Intelligence landscape and post can be found here)
1.2K,https://medium.com/@shivon/the-current-state-of-machine-intelligence-f76c20db2fe1?source=tag_archive---------0----------------,f76c20db2fe1,2014-12-10T18:19:52.786Z,25,The Current State of Machine Intelligence(The 2016 Machine Intelligence landscape and post can be found here)
1.2K,https://medium.com/@shivon/the-current-state-of-machine-intelligence-f76c20db2fe1?source=tag_archive---------0----------------,f76c20db2fe1,2014-12-10T18:19:52.786Z,25,The Current State of Machine Intelligence(The 2016 Machine Intelligence landscape and post can be found here)
1.2K,https://medium.com/@shivon/the-current-state-of-machine-intelligence-f76c20db2fe1?source=tag_archive---------0----------------,f76c20db2fe1,2014-12-10T18:19:52.786Z,25,The Current State of Machine Intelligence(The 2016 Machine Intelligence landscape and post can be found here)
1.2K,https://medium.com/@shivon/the-current-state-of-machine-intelligence-f76c20db2fe1?source=tag_archive---------0----------------,f76c20db2fe1,2014-12-10T18:19:52.786Z,25,The Current State of Machine Intelligence(The 2016 Machine Intelligence landscape and post can be found here)
1.2K,https://medium.com/@shivon/the-current-state-of-machine-intelligence-f76c20db2fe1?source=tag_archive---------0----------------,f76c20db2fe1,2014-12-10T18:19:52.786Z,25,The Current State of Machine Intelligence(The 2016 Machine Intelligence landscape and post can be found here)
1.2K,https://medium.com/@shivon/the-current-state-of-machine-intelligence-f76c20db2fe1?source=tag_archive---------0----------------,f76c20db2fe1,2014-12-10T18:19:52.786Z,25,The Current State of Machine Intelligence(The 2016 Machine Intelligence landscape and post can be found here)
1.2K,https://medium.com/@shivon/the-current-state-of-machine-intelligence-f76c20db2fe1?source=tag_archive---------0----------------,f76c20db2fe1,2014-12-10T18:19:52.786Z,25,The Current State of Machine Intelligence(The 2016 Machine Intelligence landscape and post can be found here)
1.2K,https://medium.com/@shivon/the-current-state-of-machine-intelligence-f76c20db2fe1?source=tag_archive---------0----------------,f76c20db2fe1,2014-12-10T18:19:52.786Z,25,The Current State of Machine Intelligence(The 2016 Machine Intelligence landscape and post can be found here)
1.2K,https://medium.com/@shivon/the-current-state-of-machine-intelligence-f76c20db2fe1?source=tag_archive---------0----------------,f76c20db2fe1,2014-12-10T18:19:52.786Z,25,The Current State of Machine Intelligence(The 2016 Machine Intelligence landscape and post can be found here)
1.2K,https://medium.com/@shivon/the-current-state-of-machine-intelligence-f76c20db2fe1?source=tag_archive---------0----------------,f76c20db2fe1,2014-12-10T18:19:52.786Z,25,The Current State of Machine Intelligence(The 2016 Machine Intelligence landscape and post can be found here)
1.2K,https://medium.com/@shivon/the-current-state-of-machine-intelligence-f76c20db2fe1?source=tag_archive---------0----------------,f76c20db2fe1,2014-12-10T18:19:52.786Z,25,The Current State of Machine Intelligence(The 2016 Machine Intelligence landscape and post can be found here)
1.2K,https://medium.com/@shivon/the-current-state-of-machine-intelligence-f76c20db2fe1?source=tag_archive---------0----------------,f76c20db2fe1,2014-12-10T18:19:52.786Z,25,The Current State of Machine Intelligence(The 2016 Machine Intelligence landscape and post can be found here)
1.2K,https://medium.com/@shivon/the-current-state-of-machine-intelligence-f76c20db2fe1?source=tag_archive---------0----------------,f76c20db2fe1,2014-12-10T18:19:52.786Z,25,The Current State of Machine Intelligence(The 2016 Machine Intelligence landscape and post can be found here)
1.2K,https://medium.com/@shivon/the-current-state-of-machine-intelligence-f76c20db2fe1?source=tag_archive---------0----------------,f76c20db2fe1,2014-12-10T18:19:52.786Z,25,The Current State of Machine Intelligence(The 2016 Machine Intelligence landscape and post can be found here)
1.2K,https://medium.com/@shivon/the-current-state-of-machine-intelligence-f76c20db2fe1?source=tag_archive---------0----------------,f76c20db2fe1,2014-12-10T18:19:52.786Z,25,The Current State of Machine Intelligence(The 2016 Machine Intelligence landscape and post can be found here)
1.2K,https://medium.com/@shivon/the-current-state-of-machine-intelligence-f76c20db2fe1?source=tag_archive---------0----------------,f76c20db2fe1,2014-12-10T18:19:52.786Z,25,The Current State of Machine Intelligence(The 2016 Machine Intelligence landscape and post can be found here)
1.2K,https://medium.com/@shivon/the-current-state-of-machine-intelligence-f76c20db2fe1?source=tag_archive---------0----------------,f76c20db2fe1,2014-12-10T18:19:52.786Z,25,The Current State of Machine Intelligence(The 2016 Machine Intelligence landscape and post can be found here)
1.2K,https://medium.com/@shivon/the-current-state-of-machine-intelligence-f76c20db2fe1?source=tag_archive---------0----------------,f76c20db2fe1,2014-12-10T18:19:52.786Z,25,The Current State of Machine Intelligence(The 2016 Machine Intelligence landscape and post can be found here)
1.2K,https://medium.com/@shivon/the-current-state-of-machine-intelligence-f76c20db2fe1?source=tag_archive---------0----------------,f76c20db2fe1,2014-12-10T18:19:52.786Z,25,The Current State of Machine Intelligence(The 2016 Machine Intelligence landscape and post can be found here)
1.2K,https://medium.com/@shivon/the-current-state-of-machine-intelligence-f76c20db2fe1?source=tag_archive---------0----------------,f76c20db2fe1,2014-12-10T18:19:52.786Z,25,The Current State of Machine Intelligence(The 2016 Machine Intelligence landscape and post can be found here)
1.2K,https://medium.com/@shivon/the-current-state-of-machine-intelligence-f76c20db2fe1?source=tag_archive---------0----------------,f76c20db2fe1,2014-12-10T18:19:52.786Z,25,The Current State of Machine Intelligence(The 2016 Machine Intelligence landscape and post can be found here)
1.2K,https://medium.com/@shivon/the-current-state-of-machine-intelligence-f76c20db2fe1?source=tag_archive---------0----------------,f76c20db2fe1,2014-12-10T18:19:52.786Z,25,The Current State of Machine Intelligence(The 2016 Machine Intelligence landscape and post can be found here)
1.2K,https://medium.com/@shivon/the-current-state-of-machine-intelligence-f76c20db2fe1?source=tag_archive---------0----------------,f76c20db2fe1,2014-12-10T18:19:52.786Z,25,The Current State of Machine Intelligence(The 2016 Machine Intelligence landscape and post can be found here)
43,https://medium.com/kifi-engineering/from-word2vec-to-doc2vec-an-approach-driven-by-chinese-restaurant-process-93d3602eaa31?source=tag_archive---------0----------------,93d3602eaa31,2014-03-17T09:01:40.000Z,1,From word2vec to doc2vec: an approach driven by Chinese restaurant processGoogle’s word2vec project has created lots of interests in the text mining community. It’s a neural network language model that is “both supervised and unsupervised”. Unsupervised in the sense that you…
43,https://medium.com/kifi-engineering/from-word2vec-to-doc2vec-an-approach-driven-by-chinese-restaurant-process-93d3602eaa31?source=tag_archive---------0----------------,93d3602eaa31,2014-03-17T09:01:40.000Z,1,From word2vec to doc2vec: an approach driven by Chinese restaurant processGoogle’s word2vec project has created lots of interests in the text mining community. It’s a neural network language model that is “both supervised and unsupervised”. Unsupervised in the sense that you…
43,https://medium.com/kifi-engineering/from-word2vec-to-doc2vec-an-approach-driven-by-chinese-restaurant-process-93d3602eaa31?source=tag_archive---------0----------------,93d3602eaa31,2014-03-17T09:01:40.000Z,1,From word2vec to doc2vec: an approach driven by Chinese restaurant processGoogle’s word2vec project has created lots of interests in the text mining community. It’s a neural network language model that is “both supervised and unsupervised”. Unsupervised in the sense that you…
43,https://medium.com/kifi-engineering/from-word2vec-to-doc2vec-an-approach-driven-by-chinese-restaurant-process-93d3602eaa31?source=tag_archive---------0----------------,93d3602eaa31,2014-03-17T09:01:40.000Z,1,From word2vec to doc2vec: an approach driven by Chinese restaurant processGoogle’s word2vec project has created lots of interests in the text mining community. It’s a neural network language model that is “both supervised and unsupervised”. Unsupervised in the sense that you…
43,https://medium.com/kifi-engineering/from-word2vec-to-doc2vec-an-approach-driven-by-chinese-restaurant-process-93d3602eaa31?source=tag_archive---------0----------------,93d3602eaa31,2014-03-17T09:01:40.000Z,1,From word2vec to doc2vec: an approach driven by Chinese restaurant processGoogle’s word2vec project has created lots of interests in the text mining community. It’s a neural network language model that is “both supervised and unsupervised”. Unsupervised in the sense that you…
43,https://medium.com/kifi-engineering/from-word2vec-to-doc2vec-an-approach-driven-by-chinese-restaurant-process-93d3602eaa31?source=tag_archive---------0----------------,93d3602eaa31,2014-03-17T09:01:40.000Z,1,From word2vec to doc2vec: an approach driven by Chinese restaurant processGoogle’s word2vec project has created lots of interests in the text mining community. It’s a neural network language model that is “both supervised and unsupervised”. Unsupervised in the sense that you…
43,https://medium.com/kifi-engineering/from-word2vec-to-doc2vec-an-approach-driven-by-chinese-restaurant-process-93d3602eaa31?source=tag_archive---------0----------------,93d3602eaa31,2014-03-17T09:01:40.000Z,1,From word2vec to doc2vec: an approach driven by Chinese restaurant processGoogle’s word2vec project has created lots of interests in the text mining community. It’s a neural network language model that is “both supervised and unsupervised”. Unsupervised in the sense that you…
43,https://medium.com/kifi-engineering/from-word2vec-to-doc2vec-an-approach-driven-by-chinese-restaurant-process-93d3602eaa31?source=tag_archive---------0----------------,93d3602eaa31,2014-03-17T09:01:40.000Z,1,From word2vec to doc2vec: an approach driven by Chinese restaurant processGoogle’s word2vec project has created lots of interests in the text mining community. It’s a neural network language model that is “both supervised and unsupervised”. Unsupervised in the sense that you…
43,https://medium.com/kifi-engineering/from-word2vec-to-doc2vec-an-approach-driven-by-chinese-restaurant-process-93d3602eaa31?source=tag_archive---------0----------------,93d3602eaa31,2014-03-17T09:01:40.000Z,1,From word2vec to doc2vec: an approach driven by Chinese restaurant processGoogle’s word2vec project has created lots of interests in the text mining community. It’s a neural network language model that is “both supervised and unsupervised”. Unsupervised in the sense that you…
43,https://medium.com/kifi-engineering/from-word2vec-to-doc2vec-an-approach-driven-by-chinese-restaurant-process-93d3602eaa31?source=tag_archive---------0----------------,93d3602eaa31,2014-03-17T09:01:40.000Z,1,From word2vec to doc2vec: an approach driven by Chinese restaurant processGoogle’s word2vec project has created lots of interests in the text mining community. It’s a neural network language model that is “both supervised and unsupervised”. Unsupervised in the sense that you…
43,https://medium.com/kifi-engineering/from-word2vec-to-doc2vec-an-approach-driven-by-chinese-restaurant-process-93d3602eaa31?source=tag_archive---------0----------------,93d3602eaa31,2014-03-17T09:01:40.000Z,1,From word2vec to doc2vec: an approach driven by Chinese restaurant processGoogle’s word2vec project has created lots of interests in the text mining community. It’s a neural network language model that is “both supervised and unsupervised”. Unsupervised in the sense that you…
43,https://medium.com/kifi-engineering/from-word2vec-to-doc2vec-an-approach-driven-by-chinese-restaurant-process-93d3602eaa31?source=tag_archive---------0----------------,93d3602eaa31,2014-03-17T09:01:40.000Z,1,From word2vec to doc2vec: an approach driven by Chinese restaurant processGoogle’s word2vec project has created lots of interests in the text mining community. It’s a neural network language model that is “both supervised and unsupervised”. Unsupervised in the sense that you…
43,https://medium.com/kifi-engineering/from-word2vec-to-doc2vec-an-approach-driven-by-chinese-restaurant-process-93d3602eaa31?source=tag_archive---------0----------------,93d3602eaa31,2014-03-17T09:01:40.000Z,1,From word2vec to doc2vec: an approach driven by Chinese restaurant processGoogle’s word2vec project has created lots of interests in the text mining community. It’s a neural network language model that is “both supervised and unsupervised”. Unsupervised in the sense that you…
43,https://medium.com/kifi-engineering/from-word2vec-to-doc2vec-an-approach-driven-by-chinese-restaurant-process-93d3602eaa31?source=tag_archive---------0----------------,93d3602eaa31,2014-03-17T09:01:40.000Z,1,From word2vec to doc2vec: an approach driven by Chinese restaurant processGoogle’s word2vec project has created lots of interests in the text mining community. It’s a neural network language model that is “both supervised and unsupervised”. Unsupervised in the sense that you…
43,https://medium.com/kifi-engineering/from-word2vec-to-doc2vec-an-approach-driven-by-chinese-restaurant-process-93d3602eaa31?source=tag_archive---------0----------------,93d3602eaa31,2014-03-17T09:01:40.000Z,1,From word2vec to doc2vec: an approach driven by Chinese restaurant processGoogle’s word2vec project has created lots of interests in the text mining community. It’s a neural network language model that is “both supervised and unsupervised”. Unsupervised in the sense that you…
43,https://medium.com/kifi-engineering/from-word2vec-to-doc2vec-an-approach-driven-by-chinese-restaurant-process-93d3602eaa31?source=tag_archive---------0----------------,93d3602eaa31,2014-03-17T09:01:40.000Z,1,From word2vec to doc2vec: an approach driven by Chinese restaurant processGoogle’s word2vec project has created lots of interests in the text mining community. It’s a neural network language model that is “both supervised and unsupervised”. Unsupervised in the sense that you…
43,https://medium.com/kifi-engineering/from-word2vec-to-doc2vec-an-approach-driven-by-chinese-restaurant-process-93d3602eaa31?source=tag_archive---------0----------------,93d3602eaa31,2014-03-17T09:01:40.000Z,1,From word2vec to doc2vec: an approach driven by Chinese restaurant processGoogle’s word2vec project has created lots of interests in the text mining community. It’s a neural network language model that is “both supervised and unsupervised”. Unsupervised in the sense that you…
43,https://medium.com/kifi-engineering/from-word2vec-to-doc2vec-an-approach-driven-by-chinese-restaurant-process-93d3602eaa31?source=tag_archive---------0----------------,93d3602eaa31,2014-03-17T09:01:40.000Z,1,From word2vec to doc2vec: an approach driven by Chinese restaurant processGoogle’s word2vec project has created lots of interests in the text mining community. It’s a neural network language model that is “both supervised and unsupervised”. Unsupervised in the sense that you…
43,https://medium.com/kifi-engineering/from-word2vec-to-doc2vec-an-approach-driven-by-chinese-restaurant-process-93d3602eaa31?source=tag_archive---------0----------------,93d3602eaa31,2014-03-17T09:01:40.000Z,1,From word2vec to doc2vec: an approach driven by Chinese restaurant processGoogle’s word2vec project has created lots of interests in the text mining community. It’s a neural network language model that is “both supervised and unsupervised”. Unsupervised in the sense that you…
43,https://medium.com/kifi-engineering/from-word2vec-to-doc2vec-an-approach-driven-by-chinese-restaurant-process-93d3602eaa31?source=tag_archive---------0----------------,93d3602eaa31,2014-03-17T09:01:40.000Z,1,From word2vec to doc2vec: an approach driven by Chinese restaurant processGoogle’s word2vec project has created lots of interests in the text mining community. It’s a neural network language model that is “both supervised and unsupervised”. Unsupervised in the sense that you…
43,https://medium.com/kifi-engineering/from-word2vec-to-doc2vec-an-approach-driven-by-chinese-restaurant-process-93d3602eaa31?source=tag_archive---------0----------------,93d3602eaa31,2014-03-17T09:01:40.000Z,1,From word2vec to doc2vec: an approach driven by Chinese restaurant processGoogle’s word2vec project has created lots of interests in the text mining community. It’s a neural network language model that is “both supervised and unsupervised”. Unsupervised in the sense that you…
43,https://medium.com/kifi-engineering/from-word2vec-to-doc2vec-an-approach-driven-by-chinese-restaurant-process-93d3602eaa31?source=tag_archive---------0----------------,93d3602eaa31,2014-03-17T09:01:40.000Z,1,From word2vec to doc2vec: an approach driven by Chinese restaurant processGoogle’s word2vec project has created lots of interests in the text mining community. It’s a neural network language model that is “both supervised and unsupervised”. Unsupervised in the sense that you…
43,https://medium.com/kifi-engineering/from-word2vec-to-doc2vec-an-approach-driven-by-chinese-restaurant-process-93d3602eaa31?source=tag_archive---------0----------------,93d3602eaa31,2014-03-17T09:01:40.000Z,1,From word2vec to doc2vec: an approach driven by Chinese restaurant processGoogle’s word2vec project has created lots of interests in the text mining community. It’s a neural network language model that is “both supervised and unsupervised”. Unsupervised in the sense that you…
43,https://medium.com/kifi-engineering/from-word2vec-to-doc2vec-an-approach-driven-by-chinese-restaurant-process-93d3602eaa31?source=tag_archive---------0----------------,93d3602eaa31,2014-03-17T09:01:40.000Z,1,From word2vec to doc2vec: an approach driven by Chinese restaurant processGoogle’s word2vec project has created lots of interests in the text mining community. It’s a neural network language model that is “both supervised and unsupervised”. Unsupervised in the sense that you…
43,https://medium.com/kifi-engineering/from-word2vec-to-doc2vec-an-approach-driven-by-chinese-restaurant-process-93d3602eaa31?source=tag_archive---------0----------------,93d3602eaa31,2014-03-17T09:01:40.000Z,1,From word2vec to doc2vec: an approach driven by Chinese restaurant processGoogle’s word2vec project has created lots of interests in the text mining community. It’s a neural network language model that is “both supervised and unsupervised”. Unsupervised in the sense that you…
43,https://medium.com/kifi-engineering/from-word2vec-to-doc2vec-an-approach-driven-by-chinese-restaurant-process-93d3602eaa31?source=tag_archive---------0----------------,93d3602eaa31,2014-03-17T09:01:40.000Z,1,From word2vec to doc2vec: an approach driven by Chinese restaurant processGoogle’s word2vec project has created lots of interests in the text mining community. It’s a neural network language model that is “both supervised and unsupervised”. Unsupervised in the sense that you…
43,https://medium.com/kifi-engineering/from-word2vec-to-doc2vec-an-approach-driven-by-chinese-restaurant-process-93d3602eaa31?source=tag_archive---------0----------------,93d3602eaa31,2014-03-17T09:01:40.000Z,1,From word2vec to doc2vec: an approach driven by Chinese restaurant processGoogle’s word2vec project has created lots of interests in the text mining community. It’s a neural network language model that is “both supervised and unsupervised”. Unsupervised in the sense that you…
43,https://medium.com/kifi-engineering/from-word2vec-to-doc2vec-an-approach-driven-by-chinese-restaurant-process-93d3602eaa31?source=tag_archive---------0----------------,93d3602eaa31,2014-03-17T09:01:40.000Z,1,From word2vec to doc2vec: an approach driven by Chinese restaurant processGoogle’s word2vec project has created lots of interests in the text mining community. It’s a neural network language model that is “both supervised and unsupervised”. Unsupervised in the sense that you…
43,https://medium.com/kifi-engineering/from-word2vec-to-doc2vec-an-approach-driven-by-chinese-restaurant-process-93d3602eaa31?source=tag_archive---------0----------------,93d3602eaa31,2014-03-17T09:01:40.000Z,1,From word2vec to doc2vec: an approach driven by Chinese restaurant processGoogle’s word2vec project has created lots of interests in the text mining community. It’s a neural network language model that is “both supervised and unsupervised”. Unsupervised in the sense that you…
43,https://medium.com/kifi-engineering/from-word2vec-to-doc2vec-an-approach-driven-by-chinese-restaurant-process-93d3602eaa31?source=tag_archive---------0----------------,93d3602eaa31,2014-03-17T09:01:40.000Z,1,From word2vec to doc2vec: an approach driven by Chinese restaurant processGoogle’s word2vec project has created lots of interests in the text mining community. It’s a neural network language model that is “both supervised and unsupervised”. Unsupervised in the sense that you…
